nome,cpf,bloco,apartamento,telefone,email
Bruno Oliveira Souza,90293699044,6,303,11910034566,bruno.oliveira@email.com
Aline Costa Melo,31090395872,12,303,11974230844,aline.costa@email.com
Bruno Santos Pereira,01316213726,5,401,11983465558,bruno.santos@email.com
Camila Santos Pereira,26220779228,2,502,11947904078,camila.santos@email.com
Maria Costa Costa,92040284922,4,203,11989659796,maria.costa@email.com
Rafael Ferreira Santos,38072076195,13,304,11939102190,rafael.ferreira@email.com
Patrícia Ferreira Silva,38145915372,2,503,11974746012,patrícia.ferreira@email.com
Carlos Souza Silva,19357180752,12,401,11940263394,carlos.souza@email.com
Patrícia Souza Ribeiro,00415710523,1,204,11983636107,patrícia.souza@email.com
Patrícia Silva Souza,75332795730,14,101,11951026876,patrícia.silva@email.com
Paula Ferreira Ferreira,24205982171,9,104,11937396301,paula.ferreira@email.com
Rafael Costa Souza,94012905815,7,101,11911354409,rafael.costa@email.com
Marcos Lima Pereira,80704074104,14,202,11995900446,marcos.lima@email.com
Paula Santos Alves,37902650111,12,303,11977648182,paula.santos@email.com
Fernanda Santos Silva,34194969184,1,403,11997294218,fernanda.santos@email.com
José Souza Ferreira,52968148462,1,404,11957772547,josé.souza@email.com
Juliana Melo Pereira,19412700048,10,204,11944393467,juliana.melo@email.com
Ana Oliveira Oliveira,44780725216,13,303,11934134651,ana.oliveira@email.com
Paula Pereira Ferreira,69873607236,8,304,11960384783,paula.pereira@email.com
Marcos Alves Ferreira,45088868256,9,404,11997535465,marcos.alves@email.com
Juliana Silva Souza,71128365955,5,504,11950514624,juliana.silva@email.com
João Ferreira Souza,30818395971,14,501,11963731571,joão.ferreira@email.com
Pedro Ferreira Alves,10804867692,14,103,11956196524,pedro.ferreira@email.com
Maria Ferreira Souza,77777819850,15,502,11974121125,maria.ferreira@email.com
Lucas Barbosa Souza,68483183319,1,301,11912414698,lucas.barbosa@email.com
Ana Lima Melo,31892684243,2,303,11951000731,ana.lima@email.com
João Alves Alves,20285851892,2,103,11979026507,joão.alves@email.com
Pedro Oliveira Pereira,06672188936,7,404,11921272260,pedro.oliveira@email.com
Pedro Silva Alves,30942138211,14,504,11917562108,pedro.silva@email.com
Fernanda Silva Santos,05564579498,8,201,11966678264,fernanda.silva@email.com
Juliana Ribeiro Santos,32795751730,6,402,11950279354,juliana.ribeiro@email.com
Juliana Alves Santos,88432724706,7,304,11913463359,juliana.alves@email.com
Rafael Santos Silva,02547228844,9,304,11965619726,rafael.santos@email.com
Pedro Oliveira Ribeiro,20086171237,15,304,11948725296,pedro.oliveira@email.com
Pedro Oliveira Santos,26592823135,11,301,11970802045,pedro.oliveira@email.com
Patrícia Silva Oliveira,91507534307,12,201,11996309393,patrícia.silva@email.com
Rafael Rodrigues Pereira,81201437023,2,502,11998648919,rafael.rodrigues@email.com
Aline Souza Rodrigues,90263311312,13,202,11916791400,aline.souza@email.com
Bruno Pereira Rodrigues,58189469780,9,502,11941273209,bruno.pereira@email.com
Aline Souza Gomes,29207137005,15,301,11945617077,aline.souza@email.com
Rafael Pereira Rodrigues,94362387125,15,202,11999959641,rafael.pereira@email.com
Lucas Ferreira Ferreira,66855557760,10,301,11991840151,lucas.ferreira@email.com
Rafael Alves Rodrigues,58176316987,12,103,11990658664,rafael.alves@email.com
Rafael Barbosa Silva,15686568225,10,201,11910867854,rafael.barbosa@email.com
Ana Lima Souza,19784392086,15,101,11969504766,ana.lima@email.com
João Melo Melo,12881167419,3,401,11945675560,joão.melo@email.com
Marcos Souza Barbosa,76441720661,1,302,11947838169,marcos.souza@email.com
João Oliveira Ferreira,33516536738,1,101,11962014518,joão.oliveira@email.com
Pedro Costa Rodrigues,11162659325,12,103,11915258237,pedro.costa@email.com
Pedro Souza Rodrigues,65891684639,4,102,11993564447,pedro.souza@email.com
João Alves Alves,41296556492,8,204,11964986227,joão.alves@email.com
Patrícia Silva Silva,36480025943,6,401,11932436500,patrícia.silva@email.com
Paula Santos Costa,51841459554,10,501,11940924681,paula.santos@email.com
Carlos Souza Santos,55533700611,8,204,11935730680,carlos.souza@email.com
Paula Melo Souza,90396490861,4,202,11978195384,paula.melo@email.com
Camila Silva Costa,51124982926,11,503,11911394052,camila.silva@email.com
Aline Souza Alves,86051202360,9,303,11930381169,aline.souza@email.com
José Souza Barbosa,25963566875,15,101,11977090493,josé.souza@email.com
Carlos Barbosa Lima,12031336293,3,501,11959510392,carlos.barbosa@email.com
José Souza Rodrigues,92068631431,9,203,11999456176,josé.souza@email.com
Juliana Rodrigues Oliveira,67829988893,11,104,11937840750,juliana.rodrigues@email.com
Lucas Ferreira Silva,56844055848,3,504,11976171317,lucas.ferreira@email.com
Pedro Costa Silva,68865036166,5,401,11968468600,pedro.costa@email.com
Patrícia Melo Costa,80109172859,8,501,11990711854,patrícia.melo@email.com
Carlos Silva Souza,82462107218,12,301,11987984002,carlos.silva@email.com
José Barbosa Alves,95886143566,14,404,11967809215,josé.barbosa@email.com
Ana Santos Alves,73779326636,4,504,11999498352,ana.santos@email.com
Aline Souza Pereira,13847839257,1,203,11975863925,aline.souza@email.com
Marcos Santos Lima,03518238349,1,204,11969308042,marcos.santos@email.com
Juliana Lima Ferreira,40960682642,11,402,11923134598,juliana.lima@email.com
Marcos Barbosa Gomes,06580759997,8,404,11944583179,marcos.barbosa@email.com
Ana Rodrigues Barbosa,50296636311,11,303,11952753430,ana.rodrigues@email.com
Rafael Ferreira Barbosa,04793800483,1,303,11963990062,rafael.ferreira@email.com
Marcos Santos Barbosa,95299770517,1,204,11996374758,marcos.santos@email.com
Lucas Rodrigues Costa,10461059516,15,401,11986657812,lucas.rodrigues@email.com
José Alves Santos,66624478150,8,102,11930639361,josé.alves@email.com
Carlos Ribeiro Barbosa,83302252066,7,502,11994233731,carlos.ribeiro@email.com
Patrícia Lima Pereira,72407642296,7,201,11965004011,patrícia.lima@email.com
Maria Melo Lima,47313455707,1,501,11950100286,maria.melo@email.com
Carlos Silva Ferreira,98518049024,5,101,11926117671,carlos.silva@email.com
Marcos Barbosa Costa,21827716817,14,101,11923806919,marcos.barbosa@email.com
Pedro Lima Ribeiro,33835617564,13,403,11955921738,pedro.lima@email.com
Patrícia Lima Rodrigues,41028443497,10,503,11971154714,patrícia.lima@email.com
José Lima Souza,18686123826,12,103,11940955715,josé.lima@email.com
Maria Rodrigues Souza,35315260350,13,501,11954643753,maria.rodrigues@email.com
Fernanda Gomes Melo,80209464910,10,401,11961111287,fernanda.gomes@email.com
Lucas Ribeiro Melo,42794324409,5,501,11936804848,lucas.ribeiro@email.com
Rafael Melo Ribeiro,52743595710,1,201,11968633833,rafael.melo@email.com
Bruno Lima Lima,50318808735,8,503,11982298278,bruno.lima@email.com
Rafael Costa Lima,51447513024,1,204,11931661957,rafael.costa@email.com
Ana Gomes Ribeiro,58987366789,11,403,11924797221,ana.gomes@email.com
Rafael Ribeiro Costa,87322248860,6,402,11972689325,rafael.ribeiro@email.com
Paula Alves Ferreira,26331206782,1,501,11970573897,paula.alves@email.com
Fernanda Pereira Ribeiro,30802096342,7,504,11952031362,fernanda.pereira@email.com
Carlos Souza Lima,58331223412,15,303,11949053082,carlos.souza@email.com
Paula Souza Rodrigues,97326130123,15,204,11982369709,paula.souza@email.com
Pedro Alves Ferreira,83689645249,4,403,11926503262,pedro.alves@email.com
Fernanda Melo Costa,61752859809,12,304,11964409867,fernanda.melo@email.com
Paula Costa Ferreira,13457275229,1,202,11913318998,paula.costa@email.com
Ana Lima Ribeiro,14307937816,13,104,11999086531,ana.lima@email.com
Fernanda Costa Rodrigues,02699014825,7,203,11981257830,fernanda.costa@email.com
Maria Costa Melo,38135161670,14,104,11958148483,maria.costa@email.com
José Santos Ferreira,31819262575,11,401,11941838484,josé.santos@email.com
Patrícia Rodrigues Barbosa,60733605924,7,301,11951094691,patrícia.rodrigues@email.com
José Silva Gomes,94900299817,6,301,11975380029,josé.silva@email.com
Rafael Costa Alves,62034823082,15,402,11940061619,rafael.costa@email.com
João Pereira Costa,74794861775,1,502,11913208334,joão.pereira@email.com
Ana Gomes Silva,48797267402,5,404,11939825485,ana.gomes@email.com
Fernanda Melo Santos,71081648618,8,104,11929181153,fernanda.melo@email.com
Marcos Alves Alves,49155922410,11,401,11922753572,marcos.alves@email.com
Bruno Santos Barbosa,83228589339,12,503,11961838227,bruno.santos@email.com
Maria Gomes Souza,20202525749,7,404,11922205974,maria.gomes@email.com
Maria Costa Pereira,01667890552,12,304,11918332354,maria.costa@email.com
Aline Santos Gomes,29929804243,7,303,11941131297,aline.santos@email.com
Fernanda Silva Ferreira,14020402659,4,401,11997973241,fernanda.silva@email.com
Patrícia Ferreira Pereira,56063765479,1,302,11929440974,patrícia.ferreira@email.com
Carlos Souza Lima,35854180900,11,503,11988278258,carlos.souza@email.com
Maria Barbosa Souza,59928680225,5,101,11986219168,maria.barbosa@email.com
José Barbosa Gomes,97605927461,6,301,11943595584,josé.barbosa@email.com
Maria Pereira Santos,60378756652,13,504,11970054391,maria.pereira@email.com
Bruno Pereira Santos,10217455047,4,204,11990337858,bruno.pereira@email.com
João Lima Barbosa,69815381709,9,402,11936988791,joão.lima@email.com
Carlos Costa Rodrigues,10889171705,10,403,11928058418,carlos.costa@email.com
Lucas Ribeiro Rodrigues,25672796171,1,504,11982582869,lucas.ribeiro@email.com
Rafael Barbosa Souza,39957695937,12,301,11933568104,rafael.barbosa@email.com
Aline Ribeiro Ribeiro,02720678089,6,104,11935905466,aline.ribeiro@email.com
Juliana Barbosa Oliveira,26359963174,13,403,11917402014,juliana.barbosa@email.com
Marcos Oliveira Barbosa,16338326417,8,503,11935942919,marcos.oliveira@email.com
Bruno Ferreira Lima,06664360999,8,304,11984853319,bruno.ferreira@email.com
Patrícia Costa Ribeiro,89068826095,9,404,11975436150,patrícia.costa@email.com
Camila Melo Gomes,68228691566,1,403,11950764860,camila.melo@email.com
Ana Santos Lima,50098913515,7,404,11913047956,ana.santos@email.com
Lucas Lima Ferreira,56862233052,3,402,11974340274,lucas.lima@email.com
José Ferreira Lima,70516991482,10,503,11934802963,josé.ferreira@email.com
Maria Oliveira Santos,45286412610,13,202,11978554520,maria.oliveira@email.com
Patrícia Silva Melo,41425225711,9,304,11940851815,patrícia.silva@email.com
Carlos Barbosa Gomes,09859613815,4,304,11940916187,carlos.barbosa@email.com
Aline Gomes Melo,96450012157,5,302,11985879232,aline.gomes@email.com
Maria Ferreira Souza,21597571383,13,403,11946600283,maria.ferreira@email.com
Carlos Oliveira Costa,09033708166,10,402,11933188656,carlos.oliveira@email.com
Maria Oliveira Silva,44169769802,5,501,11910255573,maria.oliveira@email.com
José Ferreira Melo,16104855927,13,301,11978007900,josé.ferreira@email.com
Juliana Ribeiro Silva,01043810522,15,201,11924466556,juliana.ribeiro@email.com
Juliana Oliveira Oliveira,30588337449,14,404,11947483073,juliana.oliveira@email.com
Lucas Souza Alves,27790768301,9,303,11936964550,lucas.souza@email.com
Lucas Santos Alves,09269547925,3,203,11972027087,lucas.santos@email.com
Bruno Costa Gomes,94908586676,4,202,11988557337,bruno.costa@email.com
Patrícia Silva Pereira,36868484172,15,403,11938036263,patrícia.silva@email.com
João Barbosa Gomes,67540604232,10,403,11944352656,joão.barbosa@email.com
João Silva Pereira,06914530130,11,403,11922543823,joão.silva@email.com
Bruno Oliveira Alves,64715541504,15,303,11959739274,bruno.oliveira@email.com
Paula Silva Alves,10053620536,14,304,11938751705,paula.silva@email.com
Camila Lima Oliveira,56226791554,15,102,11985774471,camila.lima@email.com
Paula Ribeiro Ferreira,38402492536,9,302,11926293244,paula.ribeiro@email.com
Ana Gomes Gomes,05526626922,4,102,11989908144,ana.gomes@email.com
Marcos Ribeiro Oliveira,56749203343,6,304,11975538949,marcos.ribeiro@email.com
Maria Barbosa Gomes,59411145720,13,503,11920780343,maria.barbosa@email.com
Bruno Melo Pereira,60513924803,10,503,11932525301,bruno.melo@email.com
Juliana Alves Silva,45507070647,8,501,11945401919,juliana.alves@email.com
Bruno Oliveira Alves,54183755198,11,102,11982141969,bruno.oliveira@email.com
Camila Oliveira Gomes,92015425150,9,304,11976139741,camila.oliveira@email.com
Ana Oliveira Oliveira,59012259604,7,202,11917222119,ana.oliveira@email.com
Pedro Costa Melo,08253108925,13,504,11944096154,pedro.costa@email.com
Lucas Alves Ribeiro,87779207138,15,203,11917708512,lucas.alves@email.com
Juliana Oliveira Costa,05078223621,12,304,11966736801,juliana.oliveira@email.com
Maria Silva Barbosa,04702675896,3,302,11939135605,maria.silva@email.com
Juliana Melo Melo,60099541130,15,504,11955842101,juliana.melo@email.com
Carlos Gomes Silva,12210891878,6,304,11976441941,carlos.gomes@email.com
João Costa Oliveira,80683135899,11,303,11988285734,joão.costa@email.com
João Barbosa Costa,58570167765,5,502,11947530046,joão.barbosa@email.com
Fernanda Silva Ribeiro,90870425706,5,202,11934347967,fernanda.silva@email.com
Carlos Ribeiro Alves,33409798737,10,103,11965421848,carlos.ribeiro@email.com
Bruno Barbosa Melo,04083214953,14,203,11944704080,bruno.barbosa@email.com
Bruno Oliveira Rodrigues,29884282489,12,101,11957870224,bruno.oliveira@email.com
Aline Barbosa Alves,41252900725,9,503,11973510125,aline.barbosa@email.com
Fernanda Souza Souza,92971515260,12,204,11962876777,fernanda.souza@email.com
Carlos Melo Santos,67398372521,5,301,11935964488,carlos.melo@email.com
Rafael Melo Rodrigues,94822333810,2,204,11964525896,rafael.melo@email.com
Carlos Santos Ferreira,75242469390,12,301,11986191416,carlos.santos@email.com
Paula Costa Barbosa,92713066153,8,103,11984744655,paula.costa@email.com
Carlos Ribeiro Rodrigues,20205965173,15,401,11967254359,carlos.ribeiro@email.com
Ana Ferreira Costa,30944757734,8,504,11996476002,ana.ferreira@email.com
Carlos Alves Ribeiro,31167016345,10,104,11916327493,carlos.alves@email.com
Ana Lima Souza,75851940868,6,301,11919930866,ana.lima@email.com
Pedro Lima Ribeiro,04346237784,3,401,11992113316,pedro.lima@email.com
João Souza Alves,42851344339,10,204,11951333935,joão.souza@email.com
Ana Souza Ferreira,00871340228,1,501,11942220737,ana.souza@email.com
José Costa Santos,64177008238,15,302,11914449544,josé.costa@email.com
Juliana Barbosa Gomes,05217373659,11,102,11956693434,juliana.barbosa@email.com
José Lima Gomes,95807833922,7,103,11972635493,josé.lima@email.com
João Melo Souza,09357826029,1,104,11996777387,joão.melo@email.com
Fernanda Rodrigues Santos,39193239008,2,303,11974576455,fernanda.rodrigues@email.com
Lucas Ribeiro Rodrigues,04205543369,14,304,11952050445,lucas.ribeiro@email.com
Maria Lima Rodrigues,98777192603,12,304,11933494166,maria.lima@email.com
Juliana Alves Souza,84206391064,13,302,11923595193,juliana.alves@email.com
Lucas Pereira Barbosa,26125390742,11,402,11982147093,lucas.pereira@email.com
Juliana Pereira Silva,07134652634,5,103,11919195470,juliana.pereira@email.com
Fernanda Barbosa Lima,73219264146,3,403,11962863699,fernanda.barbosa@email.com
Lucas Souza Pereira,59929818625,8,504,11999355435,lucas.souza@email.com
Carlos Barbosa Alves,16906612912,8,203,11959045814,carlos.barbosa@email.com
